<?xml version="1.0" encoding="UTF-8"?>
<launch4jConfig>
  <dontWrapJar>false</dontWrapJar>
  <headerType>gui</headerType>
  <jar>C:\Users\niceo\IdeaProjects\ToDo\out\artifacts\ToDo_jar\ToDo.jar</jar>
  <outfile>C:\Users\niceo\Портфолио Java\ToDo.exe</outfile>
  <errTitle></errTitle>
  <cmdLine></cmdLine>
  <chdir>.</chdir>
  <priority>normal</priority>
  <downloadUrl></downloadUrl>
  <supportUrl></supportUrl>
  <stayAlive>false</stayAlive>
  <restartOnCrash>true</restartOnCrash>
  <manifest></manifest>
  <icon>C:\Users\niceo\Downloads\icon.ico</icon>
  <classPath>
    <mainClass>com.todo.todo.Main</mainClass>
  </classPath>
  <jre>
    <path>%JAVA_HOME%;%PATH%</path>
    <requiresJdk>false</requiresJdk>
    <requires64Bit>false</requires64Bit>
    <minVersion>17.0.10</minVersion>
    <maxVersion></maxVersion>
  </jre>
</launch4jConfig>